label_str,label,id_x,name_x,description_x,price_x,id_y,name_y,description_y,price_y
Yes,1,47,omnimount tv top shelf mount cch1p,"omnimount tv top shelf mount cch1p tv top shelf mount for crt , lcd & dlp tvs platinum finish",,79,omnimount tv top shelf mount cch1p,steel 30 lb,
Yes,1,680,sony 32 ' bravia l-series black lcd flat panel hdtv kdl32l4000,"sony 32 ' bravia l-series black lcd flat panel hdtv kdl32l4000 1366 x 768 resolution up to 1080/60p input capable via hdmi atsc/ntsc tuner with qam 2,000:1 contrast ratio cinemotion reverse 3:2 pulldown technology 3d digital comb filter vesa hole spacing compatible black finish",,840,sony bravia kdl-32l4000 32 ' lcd tv kdl32l4000,"32 ' atsc , ntsc 16:9 1366 x 768 hdtv",597.72
Yes,1,672,sony picture station digital photo printer dppfp95,"sony picture station digital photo printer dppfp95 hdmi output lab-quality prints in 45 seconds one-button auto touch-up compatible with memory stick , sd , compact flash , and xd card white finish",,909,sony picture station digital photo printer dppfp95,,
Yes,1,775,samsung 7.1-channel blu-ray home theater system htbd2txaa,samsung ht-bd2t 7.1-channel blu-ray home theater system htbd2txaa 1100 watts total system power dolby true hd and dts-hd compatibility 1080 dvd up-conversion with hdmi full hd 1080p/24p playback black finish,,914,"samsung ht-bd2t blu-ray 7.1 home theater system blu-ray , dvd & cd playback , fm receiver w/30 station presets , 1100w total output , 4 tower speakers & subwoofer ht-bd2t / xaa",,
Yes,1,81,omnimount g-303 gray stellar series audio tower g303gr,omnimount g-303 gray stellar series audio tower g303gr supports tabletop flat panels three floating shelf design integrated cable management gray finish,,257,omnimount 3-shelf large-component tower stellarg303g,,
Yes,1,125,tivo series2 dual tuner digital video recorder tcd649080,tivo series2 dual tuner digital video recorder tcd649080 up to 80-hours of digital recording time pause and create instant replays of live tv supports recording from cable and satellite sources only usb connectivity remote control tivo service required and sold separately,,129,tivo tcd649080 series2 digital video recorder up to 80 hours capacity,,
Yes,1,904,olympus stylus 1050 sw black digital camera stylus1050swb,olympus stylus 1050 sw black digital camera stylus1050swb 10.1 megapixel shockproof waterproof up to 10 ft. freezeproof 3x optical zoom 2.7 ' lcd display 41.6 mb internal memory tap control feature face detection 27 shooting modes continuous shooting high iso sensitivity in-camera panorama movie mode black finish,,932,"olympus stylus 1050 sw 10 megapixel digital camera w / 3x optical zoom , 2.7 ' lcd , waterproof , shockproof & freezeproof , tap control , & face detection black 226455",,228.95
Yes,1,1079,logitech 2.1 multimedia silver speaker system z2300,logitech 2.1 multimedia silver speaker system z2300 thx-certified 200 watts of rms power ( 400 watts of peak power ) distortion-free bass phase plug design soundtouch wired remote control multiple source?ready 2.5 ' polished aluminum phase plug speaker driver 8 ' long-throw ported subwoofer driver silver finish,,22,logitech z-2300 multimedia speaker system 970118-0403,2.1-channel,
Yes,1,556,panasonic black 1080p up-conversion dvd recorder dmrez28k,panasonic black 1080p up-conversion dvd recorder dmrez28k digital tuner and 1080p up-conversion simple recording and playback with viera link digital camera connection with sd memory card and usb cable super multi format recording and playback divx playback auto drive select black finish,,597,panasonic dmr-ez28k dvd player/recorder,"dvd + rw , dvd-rw , dvd-ram , dvd + r , dvd-r , cd-rw , secure digital ( sd ) dvd video , cd-da , mp3 , jpeg , divx , pcm , mpeg-2 playback progressive scan 14.33 hour recording",
Yes,1,857,panasonic black lumix 10.1 megapixel digital camera dmcfz28k,panasonic black lumix 10.1 megapixel digital camera dmcfz28k 10.1 megapixel 27 - 486mm f/2 .8 -4.4 leica dc lens 2.7 ' tft lcd display ( 230k dots ) 18x optical zoom intelligent auto mode burst mode auto angle detection 50mb built-in memory black finish,,1012,panasonic lumix dmc-fz28 digital camera black,"panasonic dmc-fz28k lumix 10 megapixel digital camera with 27mm leica dc vario-elmarit lens , 18x optical zoom and intelligent auto mode black",
Yes,1,867,applecare protection plan for ipod touch or ipod classic mb591lla,applecare protection plan for ipod touch or ipod classic mb591lla extends your service coverage to up to two years includes both phone and in store techinical support,59.0,1001,applecare for ipod touch or ipod classic mb591ll/a,,49.99
Yes,1,242,pioneer cd-i200 ibus interface cable for ipod cdi200,pioneer cd-i200 ibus interface cable for ipod cdi200 direct connection for your ipod fast and easy control of your ipod easy connection to compatible pioneer units black finish,,284,pioneer ibus interface cable for ipod cd-i200,"6.56 ft 1 x ip-bus , 1 x proprietary audio cable",26.5
Yes,1,996,sharp aquos black blu-ray disc player bdhp50u,"sharp aquos black blu-ray disc player bdhp50u full 1080/24p resolution bd-rom profile 1.1 and bd-live support hdmi version 1.3 output x.v.color dolby digital plus , dolby true hd and dts-hd decoding aquos link function 192khz/24-bit audio d/a converter upconverting video signals to 720p , 1080i or 1080p with 4,096 steps of gradation using hdmi black finish",399.0,1040,sharp aquos bd-hp50u blu-ray disc player,"bd-re , dvd + rw , dvd-rw , cd-rw bd video , dvd video , cd-da , jpeg , vc-1 , mpeg-2 , ac3 , lpcm playback progressive scan",266.96
Yes,1,612,sony black soft carrying case lcsx30,sony black soft carrying case lcsx30 stain resistant nylon case increased interior capacity modular interface black finish,,616,sony camcorder case lcsx30,"nylon , polyester",
Yes,1,597,transcend 4gb micro secure digital memory card ts4gusdhc6,transcend 4gb micro secure digital memory card ts4gusdhc6 4gb microsd card with adapter compatible with cell phones and mobile devices with microsd input mechanical write protection switch includes adapter to fit sdcard slot for data transfer compliant with secure digital music initiative black finish,,833,transcend 4gb microsdhc card ( class 6 ) ts4gusdhc6,4 gb,6.85
Yes,1,193,nyko playstation 3 chargelink usb charging cable 743840830009,nyko playstation 3 chargelink usb charging cable 743840830009 charge and play at the same time unique woven cable shielding improves cable durability 10 ft cable,14.99,263,playstation 3 chargelink usb charging cable by nyko 83000,,
Yes,1,959,jabra bluetooth headset bt2070,"jabra bluetooth headset bt2070 up to 5.5 hours talk time up to 200 hours standby time earhook included bluetooth 2.0 + edr & esco technology auto-pairing discreet light answer/end , redial and voice dial features usb micro-b , 5-pin charging plug",49.0,927,jabra bt2070 bluetooth headset 100-92070000-02,,
Yes,1,59,belkin ac anywhere f5c400300w,belkin ac anywhere f5c400300w mobile power adapter for your vehicle powers portable devices using a 300-watt power inverter 2 ac outlets converts dc power to ac power from a cigarette lighter socket automatic overheat shut-off low-battery alarm overload protection replaceable fuse included power led indicator,,16,belkin ac anywhere 300w power inverter f5c400-300w,input voltage :12 v dc output voltage :110 v ac 300w stepped sine wave,
Yes,1,770,garmin nuvi 205w gps navigation system 0100071840,"garmin nuvi 205w gps navigation system 0100071840 4.3 ' tft display contiguous u.s. , canada or regional sections of europe preloaded maps voice prompts 3d map option auto re-route choice of route setup fm traffic compatible msn direct for u.s. compatible touchscreen qwerty or abc keyboard sd card slot up to 4 hours of battery life anti-theft garmin lock grey finish",,625,garmin nvi 205w automobile navigator 010-00718-40,garmin nuvi 205w portable gps system w / preloaded maps,162.99
Yes,1,598,panasonic 40gb hard drive camcorder sdrh40,panasonic 40gb hard drive camcorder sdrh40 advanced optical image stabilization 40gb internal hard drive up to 36 hours recording time anti-shock shield one-touch dvd copying wind noise reduction intelligent contrast control built-in sd slot 42x optical zoom silver finish,,528,panasonic palmcorder sdr-h40 digital camcorder,"panasonic sdr-h40 40gb hard disk drive/sd hybrid camcorder with 42x optical zoom , optical image stabilization , one-touch dvd copy , and anti-shock shield",328.88
Yes,1,446,sony 7 ' digital photo frame in black dpfd70,sony 7 ' digital photo frame dpfd70 7 ' lcd with 800 x 480 resolution 15:9 aspect ratio 256mb internal memory supports most memory cards variety of display modes auto image rotation feature view mode button fast digital picture decoding handles large data files usb b-type connection remote control black finish,139.0,907,sony dpfd70 digital photo frame,photo viewer 7 ' lcd,107.58
Yes,1,649,samsung 46 ' series 7 lcd black flat panel hdtv ln46a750,"samsung 46 ' series 7 lcd black flat panel hdtv ln46a750 touch of color design full 1080p high definition resolution 16:9 widescreen aspect ratio 50,000:1 dynamic contrast ratio 4ms response time srs trusurround xt audio built-in digital tuner ( atsc/clear qam ) picture-in-picture 4 hdmi connections ( 3 rear/1 side ) black with red accent finish",,714,samsung 7 series ln46a750 46 ' lcd tv ln46a750r1fxza,"samsung ln46a750 46 ' 1080p lcd hdtv 50,000:1 dynamic contrast ratio 6ms response time 120hz",1537.77
Yes,1,357,speck black toughskin ipod classic case icblkts,speck black toughskin ipod classic case icblkts rubberized corners provide extra protection removable belt clip made from strong tear resistant material fits 80gb/160gb ipod classic black finish,,432,speck products toughskin for ipod classic ic-blk-ts,rubber black,12.95
Yes,1,354,sirius siriusconnect home tuner sch1,sirius siriusconnect home tuner sch1 compact size analog and digital audio outputs display indicators connects to any sirius-ready home audio component,49.0,276,directed electronics sch1 siriusconnect home tuner,sirius sch1 siriusconnect home tuner,54.92
Yes,1,384,sony hd-handycam 3 meters ( 10 feet ) hdmi mini cable vmc30mhd,sony hd-handycam 3 meters ( 10 feet ) hdmi mini cable vmc30mhd gold plating plug hdmi-compliant high speed category 2 cable support full hd 1080p digital audio transfer 3 meters ( 10 feet ) black finish,69.0,438,sony hdmi mini cable vmc30mhd,1 x mini type c hdmi 1 x type a hdmi 10ft,36.95
Yes,1,477,sony silver cyber-shot digital camera dscw150,sony silver cyber-shot digital camera dscw150 8.1 megapixels 2.7 ' lcd display 15 mb internal memory carl zeiss 5x optical zoom lens 16:9 high-resolution mode 9-point auto focus automatic macro shooting high sensitivity mode burst mode face detection intelligent scene recognition mode in-camera retouching super steadyshot optical image stabilization with anti-blur solution music slideshow hdtv compatibility beginner-friendly function guide silver finish,,844,sony cyber-shot dsc-w150 digital camera silver dscw150,8.1 megapixel 16:9 2x digital zoom 2.7 ' active matrix tft color lcd,129.99
Yes,1,308,panasonic nnsd797s stainless steel countertop microwave oven nnsd797ss,panasonic nnsd797s stainless steel countertop microwave oven nnsd797ss 1.6 cu . ft. capacity 1250w output power 10 power levels 5 cooking stages one-touch sensor cooking or heating timer stainless steel finish,199.0,346,panasonic nnsd797s 1.6 cu . ft. genius prestige inverter stainless steel microwave oven,,
Yes,1,23,escort passport radar and laser detector black finish 8500,"escort passport x50 radar and laser detector 8500 x-band , k-band , ka-band operating bands algaas 280 led matrix/text display type 3-level dimming , plus dark mode auto mute city mode sensitivity compact size red display",313.95,491,escort x50 passport 8500 radar detector high intensity red display 8500x50red,,252.0
Yes,1,929,sony vaio aw series titanium grey notebook computer vgnaw110jh,sony vaio aw series titanium grey notebook computer vgnaw110jh 2.26 ghz intel core 2 duo processor p8400 18.4 ' ( 1680 x 945 ) xbrite-eco widescreen display 320gb serial ata 5400rpm hard drive built-in 1.3 megapixel motion eye camera and microphone with face-tracking technology 4gb pc2-6400 ( 2gbx2 ) installed memory integrated stereo a2dp bluetooth blu-ray drive ( read only ) titanium grey finish,,977,sony vaio aw110j/h notebook vgnaw110j/h,"sony vaio aw series aw110jh notebook 2.26 ghz intel core 2 duo p8400 , 4gb ram , 320gb hard drive , dvd + / - rw w / blu-ray disc support , wireless 802.11 a/b/g / n , nvidia geforce 9300m , 18.4 ' xbrite-eco lcd display , webcam & mic , windows vista home premium",
Yes,1,384,sony hd-handycam 3 meters ( 10 feet ) hdmi mini cable vmc30mhd,sony hd-handycam 3 meters ( 10 feet ) hdmi mini cable vmc30mhd gold plating plug hdmi-compliant high speed category 2 cable support full hd 1080p digital audio transfer 3 meters ( 10 feet ) black finish,69.0,438,sony hdmi mini cable vmc30mhd,1 x mini type c hdmi 1 x type a hdmi 10ft,36.95
Yes,1,685,sony black 9 megapixel cyber-shot digital camera dsch50b,sony black 9 megapixel cyber-shot digital camera dsch50b 9 megapixels 3.0 ' tilt-up clear photo lcd plus display carl zeiss 15x optical zoom lens 15 mb internal memory versatile long distance flash smart zoom in-camera red-eye correction smile shutter technology face detection in-camera retouching super steadyshot optical image stabilization double anti-blur solution hdtv compatibility nightshot infrared system black finish,,732,sony cyber-shot dsc-h50 digital camera black dsch50b,9.1 megapixel 16:9 2x digital zoom 3 ' active matrix tft color lcd,329.0
Yes,1,108,logitech harmony 890 advanced universal remote control h890,logitech harmony 890 advanced universal remote control h890 quick and simple set up advanced online setup and update wizard uses both radio frequency ( rf ) and infrared ( ir ) wireless signals integrate up to 15 devices 8 on-screen activity buttons rechargeable lithium ion battery and charging station included fully backlit comfort-grip shape,,123,"logitech harmony 890 advanced universal remote hdtv , tv , dvd player ( s ) , lighting , audio system 100 ft universal remote 966193-0403",,335.11
Yes,1,829,samsung 63 ' black flat panel series 6 plasma hdtv pn63a650,"samsung 63 ' black flat panel series 6 plasma hdtv pn63a650 1920 x 1080 full hd resolution 1,000,000:1 dynamic contrast ratio dnie pro picture-in-picture srs trusurroundxt ultra filterbright anti glare filter 100,000 hour panel life touch of color atsc/ntsc/clear qam built-in tuner black with red finish",,920,"samsung pn63a650 63 ' widescreen 1080p plasma hdtv 1,000,000:1 dynamic contrast ratio touch of color design pn63a650t",,3448.0
Yes,1,381,sirius stiletto 2 vehicle kit slv2,sirius stiletto 2 vehicle kit slv2 designed for use with the sirius stiletto 2 get direct one-touch access to traffic and weather built-in fm transmitter to play satellite radio through your cars audio system,49.0,465,sirius slv2 sirius stiletto 2 portable radio vehicle kit,,
Yes,1,380,unreal tournament iii video game for the sony ps3 unrealps3,unreal tournament iii video game for the sony ps3 unrealps3 vast arsenal of weapons new single player campaign new and favorite characters enhanced popular game types online innovations rated m for mature,,397,unreal tournament iii 26991,,
Yes,1,781,pioneer usb ipod interface cable cdiu230v,pioneer usb ipod interface cable cdiu230v compatible with avic-f700bt and avic-f900bt navigation receivers,48.0,748,pioneer direct control cable cd-iu230v,"1 x proprietary 1 x type a usb , 3 x rca",41.44
Yes,1,57,universal ir/rf aeros remote control - mx850 mx850,universal ir/rf aeros remote control - mx850 laser etched buttons centrally located joystick memory back-up one hand ergonomics controls up to 20 components,399.95,106,universal aeros ir/rf remote control mx850,"tv , dvd player , audio receivers , cable box , satellite receiver , pvr ( personal video recorder ) 100 ft universal remote",256.99
Yes,1,999,panasonic dect 6.0 2-line digital expandable corded/cordless phone system kxtg9391t,panasonic dect 6.0 2-line digital expandable corded/cordless phone system kxtg9391t dect 6.0 digital technology ( 1.9 ghz frequency ) expandable up to 6 total handsets wifi friendly digital answering system 50 number caller id memory 100 number phonebook digital speakerphone on handset and base light-up indicator with ringer alert white backlit 3-line lcd black finish,179.0,1075,panasonic kx-tg9391t dect 6.0 two-line corded/cordless phone combo kx-tg9391t,,149.72
Yes,1,899,garmin nuvi 755t gps navigation system 0100071530,garmin nuvi 755t gps navigation system 0100071530 4.3 ' widescreen display up to 5 hours sleek & slim design lane assist 3-d building view preloaded street maps for north america photo navigation speaks street names fm transmitter mp3 player route planning where am i ? emergency locator garmin locate garmin lock grey finish,,946,garmin nvi 755t automobile navigator 010-00715-30,4.3 ' active matrix tft color lcd,364.99
Yes,1,251,sony lcs-twa/b black soft leather carrying case lcstwab,sony lcs-twa/b black soft leather carrying case lcstwab genuine leather construction compatible with cyber-shot w and t series digital cameras integrated belt loop and magnetic closure black finish,,415,sony lcs-twa/b cyber-shot camera case lcstwa/b,top loading leather black,34.0
Yes,1,135,sony learning remote control silver finish rmvl600,sony learning remote control rmvl600 one-touch system control ( 12 macro functions ) controls up to 8 components seamlessly pre-programmed codes are compatible with most brands,,145,sony learning remote control rmvl600,"tv , dvd player , vcr , cd player , satellite receiver , dvr 32.81 ft universal remote",19.99
Yes,1,316,denon x-space surround bar home theatre system in black dhtfs3,"denon x-space surround bar home theatre system in black dhtfs3 22 watts x 5 ( 6 ohms ) supports all audio formats ( dolby digital , dts , dolby pro logic ii ) slim design includes dolby headphones included subwoofer features one-touch connection remote control black finish",1199.0,796,denon dht-fs3 2-piece home theater audio system,,
Yes,1,521,nikon coolpix s550 10 megapixel compact plum digital camera coolpixs550p,nikon coolpix s550 10 megapixel compact plum digital camera coolpixs550p 10.0 megapixels 5x optical zoom nikkor glass lens electronic vr image stabilization bright 2.5 ' high resolution lcd in-camera red-eye fix face-priority af d-lighting plum finish,,535,nikon coolpix s550 digital camera plum 26110,10 megapixel 16:9 4x digital zoom 2.5 ' active matrix tft color lcd,
Yes,1,798,canon nb-5l lithium battery 1135b001,canon nb-5l lithium battery 1135b001 compatible with canon powershot sd700 and ixus 800 digital cameras,,152,canon nb-5l lithium-ion digital camera battery 1135b001,canon nb-5l lithium ion battery,36.49
Yes,1,1000,panasonic blue 8.1 megapixel digital camera dmcfs3a,panasonic blue 8.1 megapixel digital camera dmcfs3a 8.1 megapixel 33mm lens 3x optical zoom intelligent auto mode 2.5 ' diagonal intelligent lcd mega optical image stabilization intelligent iso control face detection hi-speed burst mode blue finish,,619,panasonic lumix dmc-fs3 digital camera blue,"panasonic dmc-fs3a 8 megapixel compact digital camera with 33mm lens , 3x optical zoom , intelligent auto mode and 2.5 ' diagonal intelligent lcd blue",
Yes,1,28,sanus wms3s silver weather resistant small speaker wall mount wms3s,sanus wms3s silver small speaker wall mount wms3s holds up to an 8 pound speaker multiple pivot points weather resistant for indoor/outdoor use silver finish priced per pair,29.99,48,sanus wall/ceiling speaker mount wms3s silver,plastic 8 lb,
Yes,1,582,samsung 50 ' black flat panel series 5 plasma hdtv pn50a550,"samsung 50 ' black flat panel series 5 plasma hdtv pn50a550 1920 x 1080 full hd resolution 1,000,000:1 dynamic contrast ratio ultra filterbright anti-glare and anti burn-in technology built-in hdtv tuner ( atsc/ntsc ) with clear qam srs trusurround xt 3d hd ready swivel stand black finish",,668,samsung pn50a550 50 ' plasma tv,"samsung pn50a550 50 ' widescreen 1080p plasma hdtv 1,000,000:1 dynamic contrast ratio piano black",1499.98
Yes,1,574,sony digital slr camera with lens kit dslra200w,sony alpha digital slr camera with lens kit dslra200w 10.2 megapixels 2.7 ' clear photo lcd screen super steadyshot in-camera image stabilization continuous burst mode bionz image processor iso sensitivity 9-point center cross af sensor scene selection modes dt 18-70mm f3 .5 zoom lens and 75-300mm f4.5-5 .6 compact super telephoto zoom lens included black finish,849.99,582,sony alpha dslr-a200 digital slr camera with dual lens kit dslra200w,10.2 megapixel 2.7 ' active matrix tft color lcd,699.0
Yes,1,44,sony super audio cd player scdce595,sony super audio cd player scdce595 multi-channel super audio cd playback capability cd/cd-r/cd-rw playback capability multi-channel direct stream digitial decoder multi-channel management system sacd text/cd text capability eta late january 2009,149.0,194,sony scd-ce595 cd player scdce595,"cd-rom , cd-r , cd-rw cd-text playback 5 disc ( s )",
Yes,1,763,blueant black bluetooth headset z9i,blueant black bluetooth headset z9i pairs with 5 devices bluetooth version 2.0 technology dual microphones for pure speech revolutionary voice isolation technology automatic connection and reconnection with notification firmware upgrade via usb on your pc up to 5.5 hours talk time 200 hours standby time gloss black finish,99.0,830,blueant wireless z9i bluetooth headset black us-091010,,59.99
Yes,1,478,transcend 2gb 133x ultra speed compact flash card ts2gcf133,transcend 2gb 133x ultra speed compact flash card ts2gcf133 dual-channel support compactflash 4.0 compliant ecc technology low power consumption multi-platform compatibility,,437,transcend 2gb compactflash card ( 133x ) ts2gcf133,,
Yes,1,1042,skullcandy chops headphones in black chrome hh26skc01,"skullcandy chops headphones in black chrome hh26skc01 15mm speaker hanger anchor design frequency range of 18 ? 20,000 hz 1.2 m cord length 3.5 mm gold plated plug black chrome finish",24.95,852,chops hanger headphone wired earbuds 18 20000 hz black and chrome hh26-skc01,,17.99
Yes,1,1007,lg white xl load capacity electric dryer dle0442wh,lg white xl load capacity electric dryer dle0442wh 7.3 cu . ft. capacity sensor dry system 9 drying programs 5 temperature levels precise temperature control with a variable heat source drying rack upfront electronic control with dial-a-cycle porcelain top lodecibel quiet operation white finish,,251,lg electronics dle0442w xl load capacity with neverust stainless steel drum,,
Yes,1,390,uniden dect 6.0 accessory handset and charging cradle dcx200,uniden dect 6.0 accessory handset and charging cradle dcx200 caller id/call waiting dect 6.0 interference free cordless frequency handset speakerphone intercom or call transfer between handsets 30 number caller id memory clock display,,393,uniden dcx200 dect 6.0 accessory handset & charger,,
Yes,1,5,denon stereo tuner tu1500rd,denon stereo tuner tu1500rd rds radio data system am-fm 40 station random memory rotary tuning knob dot matrix fl display optional remote,375.0,191,denon tu-1500rd stereo radio tuner tu1500rd,40,
Yes,1,451,canon dvd camcorder dc310,canon 2694b001 dvd camcorder dc310 image stabilization widescreen hr recording 2.7 ' lcd screen smooth zoom control built-in lens cover 9 digital effects/9 fades 21 selectable display languages 37x optical/2000x digital zoom silver finish,,980,canon dc310 digital camcorder 2694b001,"canon dc310 dvd camcorder w / 41x advanced zoom , built-in lens cover , image stabilization , & canon exclusive - digic dv ii",289.95
Yes,1,559,panasonic viera 50 ' 1080p plasma hdtv in black th50pz850u,"panasonic viera 50 ' 1080p plasma hdtv in black th50pz850u 1920 x 1080 resolution 1,000,000:1 dynamic contrast ratio viera cast internet tv capability viera link hdavi control surround sound bbe viva hd3d sound built-in closed caption decoder built-in sd card memory slot built-in ntsc/atsc/qam tuners black finish",,878,panasonic viera th-50pz850u 50 ' plasma tv,"50 ' atsc , ntsc 16:9 1920 x 1080 hdtv",2096.99
Yes,1,937,panasonic black high defintion 60gb hard disk drive/sd hybrid camcorder hdchs100k,panasonic black high defintion 60gb hard disk drive/sd hybrid camcorder hdchs100k 1920x1080 pixel recording advanced optical image stabilizer leica lens 12x optical zoom 2.7 ' wide lcd 5.1 channel surround sound records to internal hard drive and sd memory card black finish,,929,"panasonic hd 3mos 60gb hard disk drive/sd hybrid camcorder with advanced optical image stabilizer , leica lens , 12x optical zoom , 2.7 ' wide lcd and records to internal hard drive and sd card hdc-hs100k",,911.96
Yes,1,894,toshiba 22 ' lcd hdtv with built in dvd player in white 22lv506,toshiba 22 ' lcd hdtv with built in dvd player in white 22lv506 built-in slot loading dvd player built-in atsc/ntsc/qam digital tuning official divx certified pc input space saving design bottom mount stereo speakers glossy white finish,,923,toshiba 22lv506 22 ' tv/dvd combo,"21.9 ' lcd active matrix atsc , ntsc 16:9 1680 x 1050 - hdtv dvd-r , dvd-rw , cd-r , cd-rw 720p",
Yes,1,667,canon pg-40 black ink cartridge twin pack pg40tbk,"canon pg-40 black ink cartridge twin pack pg40tbk compatible with canon fax-jx200 , pixma ip1600 , pixma ip1700 , pixma ip6000d , pixma mp150 , pixma mp160 , pixma mp170 , pixma mp180 , pixma mp450 , pixma mp460 black ink",,232,canon pg-40 black ink cartridge pg-40-bk-twin,black,41.46
Yes,1,456,canon silver dual flash memory camcorder fs11,canon silver dual flash memory camcorder fs11 16gb internal flash drive sdhc card slot built-in electronic lens cover wireless remote control 2.7 ' widescreen lcd 1.07 megapixel ccd image sensor 48x advanced zoom moonstone silver finish,,510,canon fs11 digital camcorder 2685b001,canon fs11 flash memory camcorder,405.97
Yes,1,34,garmin deluxe carrying case black finish 0101023101,"garmin deluxe carrying case 0101023101 designed for street pilot iii 2610/2650 gps systems holds your gps system , mounting bracket , cables , batteries and data cards",,36,garmin canvas deluxe carry case 010-10231-01,top loading handle nylon black,17.45
Yes,1,320,sony psp 2000 playstation portable gaming system core 98510 in piano black 711719851004,"sony psp 2000 playstation portable gaming system core 98510 in piano black 711719851004 play games , watch movies on umd discs , and listen to music all in one device 4.3 ' lcd screen ( 16:9 ) 480 x 272 pixel wi-fi ( ieee 802.11 b ) for wireless networking with other psp owners memory stick pro duo 333mhz system clock frequency piano black finish",185.0,396,sony psp core system ( piano black ) ( slim model with av video out port ) 98510,,
Yes,1,233,transcend 2gb micro sd memory card ts2gusd,transcend 2gb micro sd secure digital memory card ts2gusd good with cell phones and mobile devices mechanical write protection switch uses microsd adapter compliant with secure digital music initiative,,291,transcend 2gb microsd card ts2gusd,2 gb,1.75
Yes,1,651,mitsubishi 735 series 60 ' 1080p dlp rear projection black hdtv wd60735,mitsubishi 735 series 60 ' 1080p dlp rear projection black hdtv wd60735 1920 x 1080 full hd resolution xvcolor tru1080p processing plush1080p 4d video noise reduction 6-color processor 3d ready front usb input 3 rear hdmi 1.3 inputs black finish,,884,mitsubishi wd-60735 60 ' projection tv,60 ' dlp hdtv ready,1288.0
Yes,1,255,whirlpool white front load washer wfw9200swh,whirlpool duet wfw9200sq white front load washer wfw9200swh 4.0 cu . ft. capacity 6th sense technology quiet wash plus noise reduction built-in water heater add-a-garment feature sanitary cycle 4 temperature selections white finish,,871,whirlpool 27 ' duet washer horiz axis wp,,910.91
Yes,1,216,kenwood kca-ip300v ipod video direct cable kcaip300v,"kenwood kca-ip300v ipod video direct cable kcaip300v ipod video direct cable for dnx7100 , ddx7019 and kvt719dvd indash monitors",49.99,374,kenwood ipod-video direct adapter kcaip300v,"proprietary male to type a male usb , 2 x mini-phone male 4.92 ft",26.0
Yes,1,297,lg dle3733w white xl capacity electric dryer dle3733wh,lg dle3733w white xl capacity electric dryer dle3733wh 7.3 cu . ft. capacity lodecibel quiet system 7 drying programs 5 temperature levels upfront electronic control panel with dial-a-cycle drum light transparent door glass white finish,,424,lg xl capacity electric dryer,,
Yes,1,277,samsung dlp tv stand in black tr72bx,"samsung dlp tv stand in black tr72bx designed to fit samsung hlt7288 hlt7288 , hl72a650 , and hl67a650 television sets tempered 6mm tinted glass shelves wide audio storage shelves to accommodate 4 or more components wire management system easy to assemble high gloss black finish",369.0,520,samsung tr72b tv stand,glass black,232.14
Yes,1,1078,logitech digital precision pc gaming headset 981000040,logitech digital precision pc gaming headset 981000040 cushioned open-air design usb and analog connections noise-canceling microphone in-line volume and mute controls 10 ft. cable length pc and mac compatible black finish,49.0,382,logitech digital precision pc gaming headset 981-000040,logitech digital precision pc headset,31.99
Yes,1,936,coby 10.2 ' black lcd flat panel hdtv tftv1022,"coby 10.2 ' black lcd flat panel hdtv tftv1022 800 x 480 resolution 480i , 480p , 720p , 1080i dtv input format atsc/qam/ntsc tuner digital comb filter and noise reduction 400:1 contrast ratio 30ms response time black finish",,681,coby electronics tf-tv1022 10.2 ' lcd tv tftv1022,"10.2 ' active matrix tft atsc , ntsc 16:9 800 x 480 hdtv",119.99
Yes,1,573,sony black usb stereo turntable system pslx300usb,"sony black usb stereo turntable system pslx300usb transfer classic vinyl to pc , walkman , or mp3 player usb and rca audio output 45 rpm record playback belt drive system dust cover black finish",149.0,710,sony pslx300usb usb record turntable,belt drive,119.72
Yes,1,1018,linksys dual-band wireless-n gaming adapter wga600n,"linksys dual-band wireless-n gaming adapter wga600n lag-free head-to-head or internet gaming converts wired-ethernet-ready game consoles to wireless-n network connectivity works without drivers on xbox , xbox 360 , playstation2 or 3 and gamecube dynamically changes channels and radio bands ( 2.4 or 5ghz ) works on any platform black finish",89.0,485,linksys wga600n wireless gaming adapter,54mbps,
Yes,1,1025,linksys etherfast4116 16-port 10/100 ethernet switch ef4116,linksys etherfast4116 16-port 10/100 ethernet switch ef4116 16 autosensing 10/100 full duplex auto mdi/mdi-x ports run blazing speeds up to 200mbps address learning and aging and data flow control,79.0,8,linksys etherfast ef4116 ethernet switch,16 x 10/100base-tx lan,
Yes,1,564,sony silver 1080p upscaling 5-disc dvd player dvpnc800hs,sony silver 1080p upscaling 5-disc dvd changer dvpnc800hs 5 disc dvd/cd changer 1080p upscaling video output through hdmi connection bravia sync high resolution jpeg output precision cinema progressive technology precision drive 3 system child lock multi disc resume multi brand tv remote control silver finish,,982,sony dvp-nc800h / s dvd player dvp-nc800hs,"dvd + rw , dvd-rw , dvd + r , dvd-r , cd-rw dvd video , cd-da , jpeg , mp3 , svcd , video cd playback 5 disc ( s ) progressive scan silver",128.69
Yes,1,1015,canon 2gb sd secure digital card 3505b001,canon 2gb sd secure digital card 3505b001 compatible with all digital cameras and devices that accept sd cards,,1081,simpletech 2gb sd card 3505b001aa,,12.88
Yes,1,957,blueant bluetooth voice control headset v1,blueant bluetooth voice control headset v1 voice control user interface voice isolation technology dual microphones pairs with up to 8 bluetooth devices up to 5 hours talk-time 3 charging options,119.0,958,blueant bluetooth hs dual mic nic 091004,,99.99
Yes,1,29,sanus euro foundations satellite speaker stand efsatb,sanus euro foundations satellite speaker stand efsatb sturdy base adjustable pillar and floor spikes includes three different speaker mounting methods contemporary european design satin powder-coated black finish priced per pair,79.99,43,sanus euro foundation series iii speaker stand efsatbkiii,steel black,
Yes,1,936,coby 10.2 ' black lcd flat panel hdtv tftv1022,"coby 10.2 ' black lcd flat panel hdtv tftv1022 800 x 480 resolution 480i , 480p , 720p , 1080i dtv input format atsc/qam/ntsc tuner digital comb filter and noise reduction 400:1 contrast ratio 30ms response time black finish",,681,coby electronics tf-tv1022 10.2 ' lcd tv tftv1022,"10.2 ' active matrix tft atsc , ntsc 16:9 800 x 480 hdtv",119.99
Yes,1,1023,linksys wireless-g internet home monitoring camera wvc54gca,linksys wireless-g internet home monitoring camera wvc54gca sends high-quality live audio and video to your network wirelessly viewable from most web browsers anywhere in the world built-in video stream encoder and stand-alone web server ( no pc necessary ) security mode supports mpeg-4 and mjpeg video at up to 640x480 up to four simultaneous remote users,99.0,484,linksys wireless-g internet video camera wvc54gca,"cmos wireless wi-fi , wireless wi-fi , cable , cable",
Yes,1,218,tripp-lite pv375 powerverter 375-watt ultra-compact inverter pv375,tripp-lite pv375 powerverter 375-watt ultra-compact inverter pv375 12v dc input 120v ac output 2 outlets 375 watts continuous output 600 watts peak output convenient cigarette lighter plug,49.0,12,tripp lite powerverter 375-watt ultra-compact inverter pv375,input voltage :12 v dc output voltage :120 v ac 375w pulse-width modulated sine wave,
Yes,1,147,panasonic 5.8 ghz add-on handset for the kxtg6700b phone system black finish kxtga670b,panasonic 5.8 ghz add-on handset for the kxtg6700b 2 line phone system kxtga670b 5.8 ghz digital spread spectrum operation 3-line backlit lcd display on handset 50 caller id memory voice-mail message waiting indicator black finish,,141,panasonic kx-tga670b cordless handset,panasonic kx-tga670b additional handset for pankxtg6700b,
Yes,1,711,lg 30 ' white freestanding gas range lrg30357wh,lg 30 ' white freestanding gas range lrg30357wh 5.0 cu . ft. capacity oven superboil burner 5 burner system smoothtouch controls warming drawer electronic ignition system one piece recessed cooktop self-cleaning oven white finish,,789,lg 5.0 cu.ft . freestanding gas range,,
Yes,1,760,griffin itrip fm transmitter 4052trpseb,griffin itrip fm transmitter 4052trpseb one-touch tuning new smartsound ? technology back-lit display included usb-to-mini-usb cable 10-30 foot operation range no batteries required black finish,,469,griffin itrip fm transmitter 4052-trpseb,30ft,
Yes,1,59,belkin ac anywhere f5c400300w,belkin ac anywhere f5c400300w mobile power adapter for your vehicle powers portable devices using a 300-watt power inverter 2 ac outlets converts dc power to ac power from a cigarette lighter socket automatic overheat shut-off low-battery alarm overload protection replaceable fuse included power led indicator,,16,belkin ac anywhere 300w power inverter f5c400-300w,input voltage :12 v dc output voltage :110 v ac 300w stepped sine wave,
Yes,1,619,sony bravia wireless home theater system in black davhdx576wf,sony bravia wireless home theater system in black davhdx576wf 5.1 channel surround sound s-air technology bravia sync digital media port hdmi output with 720p/1080p upscaling of dvd media digital cinema auto calibration portable audio enhancer multi speaker formation music/movie mode black finish,,863,sony bravia dav-hdx576wf home theater system,"dvd player , amplifier , 5.1 speakers 5 disc ( s ) progressive scan 1000w rms dolby pro logic ii",478.72
Yes,1,1040,lg washer dryer white stacking kit wstk1,lg washer dryer white stacking kit wstk1 stack dryer on top of the washer free up much-needed space in the laundry room white finish,,186,lg electronics lg wstk1 washer/dryer stacking kit : white,,
Yes,1,299,lg dle5955w white xl capacity electric dryer dle5955wh,lg dle5955w white xl capacity electric dryer dle5955wh 7.3 cu . ft. capacity 9 drying programs 5 temperature levels precise temperature control with variable heat source flowsense duct clogging indicator upfront electronic control panel with dual led display and dial-a-cycle lodecibel quiet operation white finish,,423,lg electric dryer with 9 drying programs,,
Yes,1,338,panasonic 2gb sd memory card sdv02gu1a,panasonic 2gb sd memory card sdv02gu1a class 6 performance pro high speed series up to 20mb per second yellow finish,,329,panasonic 2gb sd card prohispd 20 mb/sec rp-sdv02gu1a,,11.99
Yes,1,16,cuisinart convection-oven-toaster-broiler with exact heat sensor tob165wh,cuisinart convection-oven-toaster-broiler with exact heat sensor tob165wh 0.5 cubic foot oven capacity led indicators individual or combination settings always even shade control 4 hour automatic shut off slide-out crumb tray includes broiling pan white finish,149.0,223,white .5 cu . ft 1500 watt convection/broiler/toaster oven,,149.0
Yes,1,235,lg lrbp1031 white bottom-freezer refrigerator lrbp1031wh,lg lrbp1031w 10 cu . ft. white bottom-freezer refrigerator lrbp1031wh 2 tempered glass shelves 3 see-thru freezer drawers with ice trays 2 vegetable crispers electronic temperature controls multi-air flow cooling quick freezing drawer door open alarm energy saving vacation mode,,218,lg electronics lrbp1031w 10 cu . ft. refrigerator,,
Yes,1,468,yamaha ns-aw190bl all-weather pair speaker system nsaw190bk,yamaha ns-aw190bl all-weather speaker system nsaw190bk 5 ' high compliance pp mica filled woofers unique dual 1/2 ' pei dome tweeter configuration aluminum speaker grilles wall mountable black finish sold as a pair,99.0,604,yamaha ns-aw190 all-weather speaker system ns-aw190bl,2-way speaker cable black,51.72
Yes,1,815,sony bud style headphones in red mdred12lpred,"sony bud style headphones in red mdred12lpred 16mm drivers crisp sound neodymium magnets offer powerful sound reproduction convenient cord slider reduces tangles 3.9 ft. cord length frequency response of 8-22 ,000 hz red finish",14.0,704,bass lover earbuds red mdred12lp/red,,10.99
Yes,1,134,linksys etherfast 4124 24-port ethernet switch ef4124,"linksys etherfast 4124 24-port ethernet switch ef4124 24 autosensing 10/100 full duplex , auto mdi/mdi-x ports up to 200mbps address learning , aging and data flow control compact size",119.0,9,linksys etherfast ef4124 ethernet switch,24 x 10/100base-tx lan,64.99
Yes,1,897,garmin nuvi 265wt gps navigation system 0100057510,garmin nuvi 265wt gps navigation system 0100057510 4.3 ' widescreen sunlight-readable touchscreen display size turn-by-turn directions voice prompts speaks street names 2-d or 3-d maps bluetooth wireless technology avoid traffic tie-ups integrated fm traffic receiver sleek & slim design jpeg picture viewer world travel clock up to 4 hours of battery life garmin lock grey finish,,944,"garmin nuvi 265wt 4.3 ' widescreen gps w/text to speech , bluetooth , where am i ? , connect photos 010-00575-10",,
Yes,1,931,sony vaio cs series pink notebook computer vgncs180jp,sony vaio cs series pink notebook computer vgncs180jp 2.26 ghz intel core 2 duo processor p8400 14.1 ' ( 1280 x 800 ) xbrite-eco widescreen display 320gb serial ata 5400rpm hard drive built-in 1.3 megapixel motion eye camera and microphone 4gb pc2-6400 ( 2gbx2 ) installed memory integrated stereo a2dp bluetooth 1066mhz front side bus speed 3mb l2 cache blu-ray drive ( read only ) genuine microsoft windows vista home premium 64-bit pink finish,,1031,sony vaio cs180j/p notebook vgncs180j/p,"sony vaio cs series vgn-cs180j / p 14.1-inch notebook 2.26 ghz intel core 2 duo p8400 processor , 4 gb ram , 320 gb hard drive , blu-ray drive , vista home premium - pink",1199.99
Yes,1,347,sony hd-handycam 1.5 meters ( 5 feet ) hdmi mini cable vmc15mhd,sony hd-handycam 1.5 meters ( 5 feet ) hdmi mini cable vmc15mhd gold plating plug hdmi-compliant high speed category 2 cable support full hd 1080p digital audio transfer 1.5 meters ( 5 feet ) black finish,,441,sony high definition hdmi to mini-hdmi cable vmc15mhd,1 x hdmi 1 x mini-hdmi 4.92 ft,26.95
Yes,1,170,sanus 15 ' 40 ' visionmount flat panel tv black wall mount mt25b1,sanus 15 ' 40 ' visionmount flat panel tv black wall mount mt25b1 solid heavy-gauge steel construction durable powder-coated finish virtual axis tilt adjustment system up to 100 lbs support black finish,99.99,160,sanus visionmount tilting flat panel tv wall mount mt25-b1,steel 100 lb,
Yes,1,861,sony black vaio z series 13.1 ' notebook computer vgnz570nb,sony black vaio z series 13.1 ' notebook computer vgnz570nb 2.53 ghz intel core 2 duo p9500 processor 13.3 ' xbrite-duraview lcd integrated stereo a2dp bluetooth technology 320gb hard drive 3gb memory built-in motion eye camera and microphone genuine microsoft windows vista business with sp1/xp downgrade black finish,,858,sony z570n/b notebook vgnz570n/b,"intel centrino 2 core 2 duo p9500 2.53 ghz 13.1 ' 3gb ddr3 sdram 320gb hdd dvd-writer ( dvd-ram/r/rw ) bluetooth , gigabit ethernet , wi-fi windows vista business black",
Yes,1,522,nikon coolpix s210 plum 8.1 megapixels digital camera coolpixs210p,nikon coolpix s210 plum 8.1 megapixels compact digital camera coolpixs210p 8.1 megapixels 3x optical zoom nikkor glass lens electronic vr image stabilization bright 2.5 ' high resolution lcd in-camera red-eye fix face-priority af d-lighting plum finish,,537,nikon coolpix s210 digital camera plum 26103,"nikon coolpix s210 8 megapixel digital camera with 3x optical zoom-nikkor , iso2000 , 2.5 ' lcd & vr image stabilization plum",118.72
Yes,1,209,logitech harmony rf wireless extender rfext,logitech harmony rf wireless extender rfext range up to 100 feet designed for use with the logitech harmony 1000 or 890 advanced universal remotes black finish,,481,logitech harmony rf extender 915-000044,,
Yes,1,354,sirius siriusconnect home tuner sch1,sirius siriusconnect home tuner sch1 compact size analog and digital audio outputs display indicators connects to any sirius-ready home audio component,49.0,276,directed electronics sch1 siriusconnect home tuner,sirius sch1 siriusconnect home tuner,54.92
Yes,1,786,blueant supertooth light bluetooth handsfree in black supertooth,"blueant supertooth light bluetooth handsfree in black supertooth sun-visor speakerphone technology pairs with up to 5 bluetooth devices supports voice dial activation , redial and call reject retractable sliding microphone up to 15 hours talk-time or 800 hours 33 days standby black finish",,311,blueant supertooth light compact bluetooth speakerphone black 093744,,
Yes,1,762,sennheisser hi-fi wireless headphone rs130,sennheisser hi-fi wireless headphone rs130 switchable srs surround sound mode intelligent auto-tuning memory function self-learning automatic level control black finish,159.95,69,sennheiser rs 130 wireless headphone rs130,,144.95
Yes,1,742,lg lmx25981st 24.7 cu . ft. capacity stainless steel french door refrigerator lmx25981ss,"lg lmx25981st 24.7 cu . ft. capacity stainless steel french door refrigerator lmx25981ss double freezer drawers tall ice & water dispensing center sophisticated design , inside & out 4 compartment crisper system lodecibel quiet operation contour doors with hidden hinges premium led interior light stainless steel finish",,774,lg 25 cu.ft . total capacity 4 door refrigerator,,
Yes,1,194,linksys wireless-g vpn broadband silver router wrv54g,"linksys wireless-g vpn broadband silver router wrv54g built-in vpn endpoint capability securely connect up to 50 remote or traveling users to your office network via vpn hotspot ready with subscriber registration , authorization and authentication functions silver finish",149.0,81,linksys wrv54g wireless-g vpn broadband router,,
Yes,1,470,sony high definition dvd handycam camcorder hdrux10,sony high definition dvd handycam camcorder hdrux10 1920 x 1080 full hd resolution recording face detection 2.3 megapixel clearvid cmos sensor 15x optical/180x digital zoom 2.7 ' wide1 ( 16:9 ) hybrid touch panel clear photo lcd plus display hybrid recording to dvd or memory stick media built-in zoom microphone with 5.1 ch recording dynamic range optimizer super nightshot plus infrared system x.v. color technology,,674,"handycam hdr-ux10 dvd camcorder ( 15x opt , 180x dig , 2.7 ' lcd ) hdrux10",,768.24
Yes,1,480,sony red cyber-shot digital camera dscw150r,sony dscw150 red cyber-shot digital camera dscw150r 8.1 megapixels 2.7 ' lcd display 15 mb internal memory carl zeiss 5x optical zoom lens 16:9 high-resolution mode 9-point auto focus automatic macro shooting high sensitivity mode burst mode face detection intelligent scene recognition mode in-camera retouching super steadyshot optical image stabilization with anti-blur solution music slideshow hdtv compatibility beginner-friendly function guide red finish,,792,sony cyber-shot dsc-w150 digital camera red dscw150r,8.1 megapixel 16:9 2x digital zoom 2.7 ' active matrix tft color lcd,139.94
Yes,1,758,peerless 23 ' 46 ' universal flat panel tv black wall mount sf640p,peerless 23 ' 46 ' universal flat panel tv black wall mount sf640p supports up to 150 lbs open wall plate design ultra-slim design holds screen only 1.2 ' from the wall black finish,,90,peerless universal flat wall mount sf640p,peerless flat wall mount for 23 ' - 46 ' lcd screens black,
Yes,1,543,panasonic black blu-ray disc theater sound system scbt100,panasonic black blu-ray disc theater sound system scbt100 full audio codec for blu-ray disc full-hd 1080p virtual 7.1 channel surround with 5 speakers integrated universal dock for ipod on-screen display for ipod music menu ipod video playback sd memory card slot powerful bass sound ` kelton subwoofer ' ` bamboo diaphragm ' center and front speakers wireless rear speaker system whisper-mode surround black finish,,758,panasonic sc-bt100 home theater system sc-bt100p-k,"bd player , 5.1 speakers 1 disc ( s ) progressive scan 1250w rms dolby digital , dolby truehd , dolby digital plus , dts-hd , dts",
Yes,1,574,sony digital slr camera with lens kit dslra200w,sony alpha digital slr camera with lens kit dslra200w 10.2 megapixels 2.7 ' clear photo lcd screen super steadyshot in-camera image stabilization continuous burst mode bionz image processor iso sensitivity 9-point center cross af sensor scene selection modes dt 18-70mm f3 .5 zoom lens and 75-300mm f4.5-5 .6 compact super telephoto zoom lens included black finish,849.99,582,sony alpha dslr-a200 digital slr camera with dual lens kit dslra200w,10.2 megapixel 2.7 ' active matrix tft color lcd,699.0
Yes,1,1036,flip video f460 black mino hd camcorder f460b,"flip video f460 black mino hd camcorder f460b 60 minutes recording time 4gb internal memory 1.5 ' transflective tft lcd screen internal lithium-ion rechargeable battery smooth multi-step 2x digital zoom touch-sensitive capacitive buttons built-in flip-out usb arm built-in speaker built-in , wide-range , omni-directional microphone",,1055,flip video minohd 60 min black f460b,,232.5
Yes,1,483,sony red cyber-shot digital camera dscw170r,sony dscw170 red cyber-shot digital camera dscw170r 10.1 megapixels 2.7 ' lcd display 15 mb internal memory carl zeiss 5x optical zoom lens bionz real imaging processor technology 16:9 high-resolution mode 9-point auto focus automatic macro shooting high sensitivity mode burst mode face detection intelligent scene recognition mode in-camera retouching super steadyshot optical image stabilization with anti-blur solution music slideshow hdtv compatibility beginner-friendly function guide red finish,,793,sony cyber-shot dsc-w170 digital camera red dscw170r,10.1 megapixel 16:9 2x digital zoom 2.7 ' active matrix tft color lcd,169.0
Yes,1,148,nikon 55-200mm zoom-nikkor lens accessory 2156,nikon 55-200mm zoom-nikkor lens accessory 2156 3.6 x zoom 55 200mm silent wave motor two ed glass elements focus mode switch,199.0,246,nikon 55-200mm f/4 -5.6 g ed af-s dx telephoto zoom lens 55200mmlens,0.28 x 55mm to 200mm f/4 to 5.6,124.95
Yes,1,701,sony weather shower cd clock radio icfcd73w,sony weather shower cd clock radio icfcd73w am/fm/weather band splash resistant 5 direct access buttons shuttle dial operation lcd display digital clock hanging strap,,865,sony icf-cd73w am/fm/weather shower cd clock radio ( white ),,68.96
Yes,1,295,linksys wireless n access point wap4400n,linksys wireless n access point wap4400n full backwards compatibility for 802.11 b and 802.11 g easy installation and configuration gigabit ethernet lan interface supports power over ethernet wmm wireless qos support,,171,linksys wap4400n wireless-n access point with poe wap4400n,linksys wireless-n access point with power over ethernet high-speed wireless access for existing networks !,
Yes,1,309,electrolux pronto 2 in 1 lightweight upright vacuum el1000b,electrolux pronto 2 in 1 lightweight upright vacuum el1000b built in hand vacuum cyclonic dust cup crevice tool two power settings brush roll indicator light easy-empty dust cup charging station,,956,electrolux stick vacuum replaces el1000a,,
Yes,1,1068,apple iwork 09 software family pack for mac mb943za,"apple iwork 09 software family pack for mac mb943za creating the perfect brochure , flyer , report or resume is faster and easier than ever using pages 09 create spreadsheets , organize data and write formulas with simple yet powerful tools using numbers 09 easily create sophisticated animations with magic move dramatically reduce file size without compromising quality save your iwork document as a word , excel or powerpoint file 5 user family pack",99.0,1090,iwork 09 family pack-int dvd mb943z/a,,
Yes,1,810,griffin ipod directdeck universal cassette adapter 7256ddeck,"griffin ipod directdeck universal cassette adapter 7256ddeck plug the audio jack into the headphone port of your ipod , mp3 player , cd player or other portable audio device and insert the cassette adapter into your cassette player black finish",,221,directdeck universal cassette adapter for mp3 players 7256-ddeck,,
Yes,1,813,samsung stereo bluetooth headset in black sbh500,samsung stereo bluetooth headset sbh500 integrated microphone receive inbound calls enjoy full fidelity and premium audio sound 12 hours talk time 11 hours play time 205 hours of standby time send & end function 3-way calling wireless stereo music streaming black finish,,1070,samsung sbh500 stereo bluetooth headset,,49.72
Yes,1,269,panasonic countertop microwave oven in white nnsn667wh,panasonic nn-sn667w countertop microwave oven in white nnsn667wh 1.2 cubic foot 1300 watts high power 10 power levels 5 cooking stages quick minute one-touch sensor cooking inverter turbo defrost multi-lingual menu action screen popcorn key white finish,129.0,349,panasonic nnsn667w 1.2 cu . ft. countertop microwave oven in white,,107.81
Yes,1,424,pioneer hd radio tuner gexp10hd,"pioneer hd radio tuner gexp10hd compatible with fh-p800bt , fh-p8000bt , deh-p700bt , deh-p7000bt , deh-p600ub , deh-p6000ub ` external control ' capable",100.0,751,pioneer gex-p10hd hd radio add-on tuner for select in-dash pioneer receivers,,
Yes,1,970,logitech white v470 cordless laser mouse for apple notebooks 910000692,logitech white v470 cordless laser mouse for apple notebooks 910000692 laser precision side-to-side scrolling plus zoom bluetooth wireless technology protective pouch battery life indicator white finish,49.0,682,logitech v470 cordless laser mouse for notebooks 910-000692,laser,
Yes,1,596,panasonic black lumix wide angle lens digital camera dmctz5k,panasonic black lumix wide angle lens digital camera dmctz5k 9.1 megapixel leica 28mm wide-angle lens with 10x optical zoom 3.0 ' lcd display with intelligent lcd function burst mode scene mode auto angle detection 27mb built-in memory sd memory slot black finish,,584,panasonic lumix dmc-tz5 digital camera black,"panasonic lumix dmc-tz5k 9 megapixel digital camera with 28mm wide-angle lens , 10x optical zoom , 3 ' lcd and hd output black",
Yes,1,21,denon semi-automatic turntable black finish dp29f,denon semi-automatic turntable dp29f metal platter built-in riaa equalizer dc servo motor 2 speed 33 + 45 rpm built-in phono preamp,150.0,196,denon dp-29f analog record turntable dp29f,belt drive,
Yes,1,164,sanus 9 ' 17 ' visionmount series under cabinet flat panel tv silver wall mount vmuc1s,sanus 9 ' 17 ' visionmount series under cabinet flat panel tv silver wall mount vmuc1s tilting motion swivels left and right universal mounting bracket easy to install silver finish,99.99,73,sanus under cabinet lcd tv mount vmuc1s,15 lb,
Yes,1,724,samsung black combo dvd/vhs player dvdv9800,samsung black combo dvd/vhs player dvdv9800 progressive scan 1080p up-conversion via hdmi 10bit 54mhz digital-to-analog converter 4-head hi-fi vcr black finish no tuner,98.0,737,samsung dvd-v9800 dvd/vcr combo player w / 1080p up-conversion,,85.06
Yes,1,54,canon rechargeable battery 9763a001,"canon rechargeable battery 9763a001 compatible with the sd200 , sd300 , sd400 , sd30 , sd450 , sd600 , sd630 , sd750 , sd1000 and other powershot cameras oem litium ion battery 180 minutes of playback time",,64,canon nb-4l rechargeable camera battery 9763a001,canon nb-4l lithium ion battery,36.89
Yes,1,237,belkin f3h982-25 black 25 ft pro series high integrity vga/svga monitor replacement cable f3h98225,belkin f3h982-25 black 25 ft pro series high integrity vga/svga monitor replacement cable f3h98225 constructed of 3 coaxial and 5 twisted pair cable compatible with the pc aluminum undermold shield double shielding gold plated copper contacts,,14,belkin monitor cable f3h982-25,1 x hd-15 1 x hd-15 25ft black,15.98
Yes,1,913,apple 32gb black 2nd generation ipod touch mb533lla,"apple 32gb black 2nd generation ipod touch mb533lla holds up to 7,000 songs in 128-kbps aac format , 25,000 ipod-viewable photos and 40 hours of video wi-fi ( 802.11 b/g ) nike + ipod support built-in maps location-based service 3.5 ' ( diagonal ) widescreen multi-touch display 480x320-pixel resolution 480p and 576p component tv out mac and windows compatible black finish",399.0,1002,apple ipod touch 32gb flash portable media player mb533ll/a,"audio player , video player , photo viewer 3.5 ' color lcd 32gb flash memory",394.99
Yes,1,169,olympus premium slim leather case in black 202087,olympus 202087-410 premium slim leather case in black 202087 slim classic leather saddle bag design magnetic closure clasp leather wrist strap interior pocket compatible with fe200 and fe230 black finish,,248,olympus slim leather case 202087,leather black,18.99
Yes,1,611,samsung 22 ' black flat panel lcd hdtv ln22a450,samsung 22 ' black flat panel series 4 lcd hdtv ln22a450 1680 x 1050 resolution 3000:1 contrast ratio srs trusurround xt cold cathode fluorescent lamp ( ccfl ) 8ms response time hidden bottom speakers pc compatible black finish,,695,samsung 4 series ln22a450 22 ' lcd tv,samsung ln22a450 22 ' widescreen 720p lcd hdtv 3000:1 dynamic contrast ratio 8ms response time piano black,397.77
Yes,1,180,lowepro digital camera case in black rezo15bk,"lowepro rezo 15 digital camera case in black rezo15bk slim , sleek little pouch stretchy side gussets pocket for memory card adjustable shoulder strap water-resistant microfiber",,132,"lowepro rezo 15 camera case microfiber , ripstop nylon black ( black )",,
Yes,1,605,weber cast iron griddle 7531,weber cast iron griddle 7531 heavy-duty cast iron griddle fits weber genesis silver a & spirit 500 gas grills,44.99,523,weber cast iron griddle for genesis silver as and spirit 500s & spirit 200 series,,
Yes,1,968,kensington combosaver ultra combination notebook lock k64516us k64516us,kensington combosaver ultra combination notebook lock k64516us steel composite cable with carbon tempered steel core built-in defense system t-bar lock easy to install,39.0,359,kensington combosaver ultra notebook lock k64516us,combosaver ultra combination notebook lock,
Yes,1,166,ge futura indoor tv antenna silver finish tv24746,ge futura indoor tv antenna tv24746 specially designed to receive digital tv signal 20db gain amplification noise eliminator circuitry filter designed to mount horizontally or vertically,,829,ge 24746 futura ( tm ) indoor hdtv antenna,,29.72
Yes,1,528,sony dvp-fx820 black 8 ' portable dvd player dvpfx820,"sony dvp-fx820 black 8 ' portable dvd player dvpfx820 swivel & flip screen with dual sensor for remote control control buttons on screen bezel 12 bit video dac with 108 mhz processing removable , rechargeable battery & car adapter included black finish",,709,sony dvp-fx820 portable dvd player dvpfx820,"8 ' lcd dvd + rw , dvd-rw , dvd + r , dvd-r , cd-rw dvd video , cd-da , mp3 , jpeg playback 1 disc ( s ) black",158.72
Yes,1,587,belkin cush top for computer laptop f8n044org,"belkin cush top for computer laptop f8n044org uniquely designed soft material for comfortable laptop use on the couch , bed , or floor convenient storage pocket center multi-sides accommodate any side laptop 6 colors to choose from orange finish",,229,belkin cushtop f8n044-org,- orange,
Yes,1,115,sanus 32 ' 50 ' flat panel tv black wall mount vmpl50b,sanus 32 ' 50 ' flat panel tv black wall mount vmpl50b solid heavy-gauge steel construction durable powder-coated finish virtual axis tilt adjustment system supports up to 130 lbs black finish,,52,sanus flat panel tv wall mount vmpl50-b,steel 130 lb,
Yes,1,251,sony lcs-twa/b black soft leather carrying case lcstwab,sony lcs-twa/b black soft leather carrying case lcstwab genuine leather construction compatible with cyber-shot w and t series digital cameras integrated belt loop and magnetic closure black finish,,415,sony lcs-twa/b cyber-shot camera case lcstwa/b,top loading leather black,34.0
